<!DOCTYPE log4j:configuration SYSTEM "log4j.dtd">

<log4j:configuration debug="true">
    <appender name="fileAppender" class="org.apache.log4j.RollingFileAppender">
        <param name="File" value="out.log"/>
        <layout class="org.apache.log4j.PatternLayout">
            <param name="ConversionPattern" value="%d{yyyy-MM-dd HH:mm:ss} %-5p %c{1}:%L - %m%n" />
        </layout>
    </appender>

    <appender name="consoleAppender" class="org.apache.log4j.ConsoleAppender">
        <param name="Target" value="System.out"/>
        <layout class="org.apache.log4j.PatternLayout">
            <param name="ConversionPattern" value="%d{yyyy-MM-dd HH:mm:ss} %-5p %c{1}:%L - %m%n" />
        </layout>
    </appender>
    <root>
        <priority value="info" />
        <appender-ref ref="consoleAppender" />
        <appender-ref ref="fileAppender" />
    </root>
</log4j:configuration>